"ID","Name","number_edges","NetworkDomain","AverageDegree","AveragePathLength","AverageTransitivity","Closeness","DegreeAssortativity","DegreeDistribution","Density","EigenvectorCentrality","GlobalTransitivity"
6,"diseasome_shared",2376,"Biological",0.0178821404380221,6.50899375329269,0.770160887053976,0.000893082813580445,0.0666455838610744,0.00113912182186309,0.0178821404380221,0.0112585421453757,0.430470563410002
7,"hiv_transmission",85890,"Social,Offline",8.02386879702366e-05,5.80551927852417,0.0318990255682113,1.43047691445871e-09,-0.154888973108335,0.00289165246093833,8.02386879702366e-05,0.000488994593611658,0.0120625394443849
21,"r_dep",5452,"Technological",0.00178510855372155,3.55270052758502,0.175053783308465,1.24773867221314e-05,-0.163383775074242,0.000295124209067133,0.00178510855372155,0.000739277036621542,0.00922478585318555
22,"uc_irvine_students",59835,"Social,Online",0.0112620973492232,3.05516364089188,0.138038907905694,6.18835453006916e-05,-0.156523425784471,0.000159443914454033,0.0112620973492232,0.014018723891579,0.056830298909089
